SampleName,Date,Year,Crop,Block,SoilFrac,ph,water_content_soil,MBN,ExtC,ExtN,BD,TP,AMFcol,MBC,AP,BG,BX,CB,NAG,RootBiomass,MBC:MBN,TC,TN,CN
CC12.LM.July2012,July,2012,CC,1,LM,6.77,0.131073446,15.29833436,39.63,13.37876886,1.120671355,42,0.96460177,258.82,3817.935026,347.4823871,68.18962193,31.71779153,60.99716163,0.2197,16.92,26.76,2.01,13.30
CC12.Micro.July2012,July,2012,CC,1,micro,6.77,0.094882729,15.29833436,39.63,13.37876886,1.120671355,42,0.96460177,258.82,2707.967989,484.6664472,77.18980431,44.92794971,48.0673614,0.2197,16.92,24.34,1.97,12.38
CC12.MM.July2012,July,2012,CC,1,MM,6.77,0.126931567,15.29833436,39.63,13.37876886,1.120671355,42,0.96460177,258.82,3937.288068,452.920951,87.72808269,41.63592794,75.63453504,0.2197,16.92,27.04,2.15,12.56
CC12.SM.July2012,July,2012,CC,1,SM,6.77,0.116926503,15.29833436,39.63,13.37876886,1.120671355,42,0.96460177,258.82,2347.249447,326.0037702,71.67988711,40.65869535,42.7971232,0.2197,16.92,26.00,2.12,12.25
CC12.WS.July2012,July,2012,CC,1,WS,6.77,0.132502831,15.29833436,39.63,13.37876886,1.120671355,42,0.96460177,258.82,3322.74954,599.6004109,91.97449035,63.79000562,72.83207178,0.2197,16.92,24.52,1.92,12.76
CC21.LM.July2012,July,2012,CC,2,LM,6.4,0.13174946,16.83701573,82.99,13.18075937,1.070532423,18,1,112.59,4328.5063,925.6582924,96.2243341,61.03155504,111.4568314,0.1984,6.69,23.17,1.71,13.57
CC21.Micro.July2012,July,2012,CC,2,micro,6.4,0.101621622,16.83701573,82.99,13.18075937,1.070532423,18,1,112.59,1598.427045,154.4682348,26.01694459,12.96797435,30.70948363,0.1984,6.69,22.17,1.76,12.62
CC21.MM.July2012,July,2012,CC,2,MM,6.4,0.132803632,16.83701573,82.99,13.18075937,1.070532423,18,1,112.59,3355.052144,255.8252895,49.89373476,15.50836568,70.43914336,0.1984,6.69,22.44,1.70,13.23
CC21.SM.July2012,July,2012,CC,2,SM,6.4,0.113561191,16.83701573,82.99,13.18075937,1.070532423,18,1,112.59,1876.21622,86.34072867,14.61704366,6.667534922,46.14168079,0.1984,6.69,21.55,1.61,13.36
CC21.WS.July2012,July,2012,CC,2,WS,6.4,0.135746606,16.83701573,82.99,13.18075937,1.070532423,18,1,112.59,3873.388861,274.823426,44.57496916,24.46349584,78.0501218,0.1984,6.69,23.49,1.86,12.65
CC35.LM.July2012,July,2012,CC,3,LM,6.29,0.11907387,36.11518168,17.07,5.342439899,1.212540229,49,0.966887417,298.08,2330.324244,138.3814733,26.75349516,9.09679301,37.71324353,0.205,8.25,19.16,1.54,12.47
CC35.Micro.July2012,July,2012,CC,3,micro,6.29,0.096878364,36.11518168,17.07,5.342439899,1.212540229,49,0.966887417,298.08,1510.243877,137.8530076,19.49090609,9.108113135,22.14753283,0.205,8.25,19.54,1.54,12.70
CC35.MM.July2012,July,2012,CC,3,MM,6.29,0.117453348,36.11518168,17.07,5.342439899,1.212540229,49,0.966887417,298.08,3228.068204,287.1279818,46.34004186,18.42654924,58.06381102,0.205,8.25,20.88,1.55,13.46
CC35.SM.July2012,July,2012,CC,3,SM,6.29,0.085245902,36.11518168,17.07,5.342439899,1.212540229,49,0.966887417,298.08,1810.13533,151.203451,25.38570252,10.47631293,27.62578396,0.205,8.25,17.98,1.51,11.89
CC35.WS.July2012,July,2012,CC,3,WS,6.29,0.113839286,36.11518168,17.07,5.342439899,1.212540229,49,0.966887417,298.08,2202.19106,170.6213683,25.84205,12.89232078,44.25742877,0.205,8.25,19.73,1.54,12.79
CC43.LM.July2012,July,2012,CC,4,LM,6.71,0.110244989,1.82208928,15.85,5.324073885,1.252535372,44,0.960451977,17.09,1974.46882,132.8859938,17.66305982,7.507392629,39.76914994,0.3397,9.38,20.25,1.59,12.73
CC43.Micro.July2012,July,2012,CC,4,micro,6.71,0.099744246,1.82208928,15.85,5.324073885,1.252535372,44,0.960451977,17.09,2359.423785,238.917561,35.52265663,15.64406677,44.44874559,0.3397,9.38,18.39,1.45,12.72
CC43.MM.July2012,July,2012,CC,4,MM,6.71,0.106981982,1.82208928,15.85,5.324073885,1.252535372,44,0.960451977,17.09,2290.737125,152.487605,25.47507696,8.343270829,43.52558333,0.3397,9.38,19.19,1.53,12.56
CC43.SM.July2012,July,2012,CC,4,SM,6.71,0.095499451,1.82208928,15.85,5.324073885,1.252535372,44,0.960451977,17.09,1450.121023,83.0906235,17.88225252,5.34344451,25.05443198,0.3397,9.38,18.20,1.52,12.01
CC43.WS.July2012,July,2012,CC,4,WS,6.71,0.104143337,1.82208928,15.85,5.324073885,1.252535372,44,0.960451977,17.09,2174.218962,163.8080262,27.13002815,16.81369265,37.05747925,0.3397,9.38,18.87,1.39,13.55
P13.LM.July2012,July,2012,P,1,LM,7.89,0.173719376,37.48443501,21.39,5.947342966,1.225326539,8,0.877276593,426.55,1699.170333,317.2648094,65.32301398,27.75173996,57.82107782,6.1834,11.38,27.55,2.04,13.53
P13.Micro.July2012,July,2012,P,1,micro,7.89,0.142045455,37.48443501,21.39,5.947342966,1.225326539,8,0.877276593,426.55,1691.447625,416.3731339,80.46126968,30.06248296,39.34948597,6.1834,11.38,19.82,1.70,11.64
P13.MM.July2012,July,2012,P,1,MM,7.89,0.169530355,37.48443501,21.39,5.947342966,1.225326539,8,0.877276593,426.55,2343.875025,268.5765578,33.0929363,13.26353748,65.57685322,6.1834,11.38,27.02,2.09,12.92
P13.SM.July2012,July,2012,P,1,SM,7.89,0.142536476,37.48443501,21.39,5.947342966,1.225326539,8,0.877276593,426.55,2667.715863,459.8642633,78.31852099,28.39873426,83.85057691,6.1834,11.38,23.40,1.85,12.66
P13.WS.July2012,July,2012,P,1,WS,7.89,0.164083865,37.48443501,21.39,5.947342966,1.225326539,8,0.877276593,426.55,3672.15613,593.1601526,102.715788,42.07793235,100.2319906,6.1834,11.38,25.56,1.93,13.27
P24.LM.July2012,July,2012,P,2,LM,7.5,0.150684932,35.94043018,20.76,4.155637705,1.193116705,12,0.880771064,386.00,3126.750697,667.8632268,145.27543,40.80912854,102.8202702,5.7971,10.74,24.75,1.77,13.96
P24.Micro.July2012,July,2012,P,2,micro,7.5,0.102310231,35.94043018,20.76,4.155637705,1.193116705,12,0.880771064,386.00,4812.551482,778.255201,159.0298397,51.47356093,135.9970488,5.7971,10.74,19.41,1.64,11.80
P24.MM.July2012,July,2012,P,2,MM,7.5,0.147597254,35.94043018,20.76,4.155637705,1.193116705,12,0.880771064,386.00,4297.44951,522.1958874,97.85392116,62.43262485,104.8683326,5.7971,10.74,25.00,1.92,13.02
P24.SM.July2012,July,2012,P,2,SM,7.5,0.12979684,35.94043018,20.76,4.155637705,1.193116705,12,0.880771064,386.00,1976.672871,418.7539396,59.24723834,9.027685575,61.57756315,5.7971,10.74,26.55,2.14,12.43
P24.WS.July2012,July,2012,P,2,WS,7.5,0.154109589,35.94043018,20.76,4.155637705,1.193116705,12,0.880771064,386.00,2450.590468,444.8772631,68.37410214,33.11195718,81.21622586,5.7971,10.74,22.98,1.81,12.70
P31.LM.July2012,July,2012,P,3,LM,7.74,0.180138568,70.15731329,17.02,3.486850886,1.116618599,18,0.863636364,712.08,2795.82915,608.2254811,126.5103925,48.84627635,92.782445,5.935,10.15,30.69,2.22,13.82
P31.Micro.July2012,July,2012,P,3,micro,7.74,0.057471264,70.15731329,17.02,3.486850886,1.116618599,18,0.863636364,712.08,3716.107109,896.7748494,159.5901163,71.7069966,102.8499259,5.935,10.15,21.89,1.88,11.63
P31.MM.July2012,July,2012,P,3,MM,7.74,0.164044944,70.15731329,17.02,3.486850886,1.116618599,18,0.863636364,712.08,3729.715111,414.136832,80.61195503,24.06300047,97.4714321,5.935,10.15,28.06,2.12,13.26
P31.SM.July2012,July,2012,P,3,SM,7.74,0.145952109,70.15731329,17.02,3.486850886,1.116618599,18,0.863636364,712.08,3533.211546,568.4037291,94.125663,36.2284754,105.5915707,5.935,10.15,26.61,2.08,12.81
P31.WS.July2012,July,2012,P,3,WS,7.74,0.167990919,70.15731329,17.02,3.486850886,1.116618599,18,0.863636364,712.08,5256.013072,676.3651471,123.5475782,46.98091966,137.0703338,5.935,10.15,28.86,2.27,12.73
P46.LM.July2012,July,2012,P,4,LM,6.42,0.108671789,30.72268663,21.69,4.960970923,1.277236943,12,0.915697912,343.42,2251.367832,119.4761938,21.98114161,8.334185804,71.34348269,5.7518,11.18,15.87,1.33,11.93
P46.Micro.July2012,July,2012,P,4,micro,6.42,0.085963003,30.72268663,21.69,4.960970923,1.277236943,12,0.915697912,343.42,1706.377257,305.8070014,52.65902046,22.60841325,40.48426241,5.7518,11.18,16.06,1.33,12.10
P46.MM.July2012,July,2012,P,4,MM,6.42,0.109529025,30.72268663,21.69,4.960970923,1.277236943,12,0.915697912,343.42,2215.302082,217.6701065,27.56167554,14.93238753,127.8952519,5.7518,11.18,22.55,1.75,12.91
P46.SM.July2012,July,2012,P,4,SM,6.42,0.090712743,30.72268663,21.69,4.960970923,1.277236943,12,0.915697912,343.42,2329.64194,251.2093228,35.88927648,15.08270206,63.17744106,5.7518,11.18,14.78,1.21,12.23
P46.WS.July2012,July,2012,P,4,WS,6.42,0.098166127,30.72268663,21.69,4.960970923,1.277236943,12,0.915697912,343.42,3519.064388,226.0354346,35.7164054,10.93814424,103.2185597,5.7518,11.18,16.07,1.37,11.77
PF15.LM.July2012,July,2012,PF,1,LM,7.54,0.168202765,71.46905037,28.24,5.833480668,0.97266606,11,0.908653846,651.48,1843.50845,441.9862819,50.89918939,15.66622407,57.4716635,2.1512,9.12,32.44,2.29,14.18
PF15.Micro.July2012,July,2012,PF,1,micro,7.54,0.101694915,71.46905037,28.24,5.833480668,0.97266606,11,0.908653846,651.48,1457.171086,562.7394014,87.97202002,34.84867799,48.62297219,2.1512,9.12,25.94,2.20,11.78
PF15.MM.July2012,July,2012,PF,1,MM,7.54,0.170361727,71.46905037,28.24,5.833480668,0.97266606,11,0.908653846,651.48,1192.949558,317.0939955,60.4533088,24.41710872,48.54313976,2.1512,9.12,33.68,2.39,14.07
PF15.SM.July2012,July,2012,PF,1,SM,7.54,0.15437788,71.46905037,28.24,5.833480668,0.97266606,11,0.908653846,651.48,1203.385607,357.0082618,73.00505156,22.94666482,39.66316668,2.1512,9.12,30.85,2.26,13.65
PF15.WS.July2012,July,2012,PF,1,WS,7.54,0.161440186,71.46905037,28.24,5.833480668,0.97266606,11,0.908653846,651.48,1191.643911,286.7453216,47.16286155,16.39707397,37.50409481,2.1512,9.12,32.81,2.39,13.72
PF23.LM.July2012,July,2012,PF,2,LM,7.19,0.137656428,63.12994266,19.95,3.89499573,1.14960958,8,0.911852759,593.45,1886.226894,274.6791559,28.43597933,7.952264269,55.4798289,3.7349,9.40,23.13,1.76,13.17
PF23.Micro.July2012,July,2012,PF,2,micro,7.19,0.094257855,63.12994266,19.95,3.89499573,1.14960958,8,0.911852759,593.45,2099.462583,550.0290831,45.92699238,24.21888067,77.25474084,3.7349,9.40,19.87,1.56,12.76
PF23.MM.July2012,July,2012,PF,2,MM,7.19,0.13800905,63.12994266,19.95,3.89499573,1.14960958,8,0.911852759,593.45,2302.913006,489.7705206,83.67254437,17.55979605,86.50641601,3.7349,9.40,22.77,1.75,12.99
PF23.SM.July2012,July,2012,PF,2,SM,7.19,0.124719101,63.12994266,19.95,3.89499573,1.14960958,8,0.911852759,593.45,2211.832948,407.1481371,67.76894964,15.58916302,77.62998247,3.7349,9.40,22.61,1.67,13.57
PF23.WS.July2012,July,2012,PF,2,WS,7.19,0.137542277,63.12994266,19.95,3.89499573,1.14960958,8,0.911852759,593.45,2359.461632,515.931541,61.26004716,26.17245502,108.5327327,3.7349,9.40,22.80,1.71,13.33
PF32.LM.July2012,July,2012,PF,3,LM,7.69,0.141573034,45.91926576,15.60,4.663153903,1.181895338,8,0.938864629,387.90,2987.183772,577.9057772,65.12881268,42.57551891,93.54945,2.8244,8.45,27.22,2.09,13.02
PF32.Micro.July2012,July,2012,PF,3,micro,7.69,0.100766703,45.91926576,15.60,4.663153903,1.181895338,8,0.938864629,387.90,1609.960259,652.7710328,72.9288134,21.95521421,50.82974114,2.8244,8.45,22.58,1.98,11.43
PF32.MM.July2012,July,2012,PF,3,MM,7.69,0.144469526,45.91926576,15.60,4.663153903,1.181895338,8,0.938864629,387.90,1197.460319,306.4085712,40.78773751,36.15297497,94.43092295,2.8244,8.45,27.65,2.08,13.26
PF32.SM.July2012,July,2012,PF,3,SM,7.69,0.12979684,45.91926576,15.60,4.663153903,1.181895338,8,0.938864629,387.90,2382.336963,623.3257071,63.28630903,30.6191426,80.70998621,2.8244,8.45,23.22,1.71,13.54
PF32.WS.July2012,July,2012,PF,3,WS,7.69,0.14709236,45.91926576,15.60,4.663153903,1.181895338,8,0.938864629,387.90,3547.750374,752.8094886,75.21383161,28.89596038,97.63561879,2.8244,8.45,29.28,2.23,13.14
PF41.LM.July2012,July,2012,PF,4,LM,7.03,0.153583618,86.65835063,30.51,5.610335035,1.090647338,6,0.876740315,784.99,1454.003352,259.1762095,32.92250586,10.23361683,58.67204241,2.8214,9.06,29.07,2.26,12.84
PF41.Micro.July2012,July,2012,PF,4,micro,7.03,0.099891422,86.65835063,30.51,5.610335035,1.090647338,6,0.876740315,784.99,938.109261,313.0857923,39.05345205,18.85466475,30.56387884,2.8214,9.06,22.80,2.00,11.42
PF41.MM.July2012,July,2012,PF,4,MM,7.03,0.151376147,86.65835063,30.51,5.610335035,1.090647338,6,0.876740315,784.99,1952.35614,506.0785711,76.9823024,33.69327112,63.23593104,2.8214,9.06,28.88,2.17,13.32
PF41.SM.July2012,July,2012,PF,4,SM,7.03,0.138321995,86.65835063,30.51,5.610335035,1.090647338,6,0.876740315,784.99,874.189974,287.0508013,37.44813661,12.00570216,33.17311356,2.8214,9.06,26.48,2.06,12.87
PF41.WS.July2012,July,2012,PF,4,WS,7.03,0.159371493,86.65835063,30.51,5.610335035,1.090647338,6,0.876740315,784.99,1015.730799,181.971135,31.46990492,11.35578192,29.14142165,2.8214,9.06,16.89,1.41,11.95
CC12.LM.October2012,October,2012,CC,1,LM,7.17,0.155339806,45.59480133,32.19,8.253681247,1.157717422,,0.782608696,444.66,1248.631827,258.4794774,48.3068507,20.85839367,36.21795501,0.2197,9.75,24.84,1.91,13.01
CC12.Micro.October2012,October,2012,CC,1,micro,7.17,0.114052953,45.59480133,32.19,8.253681247,1.157717422,,0.782608696,444.66,2459.875056,719.9147524,140.4581079,68.39456365,62.24728325,0.2197,9.75,20.32,1.64,12.37
CC12.MM.October2012,October,2012,CC,1,MM,7.17,0.162376238,45.59480133,32.19,8.253681247,1.157717422,,0.782608696,444.66,4362.950014,1255.322604,166.0300131,81.18514823,130.6416667,0.2197,9.75,27.71,2.11,13.14
CC12.SM.October2012,October,2012,CC,1,SM,7.17,0.155597723,45.59480133,32.19,8.253681247,1.157717422,,0.782608696,444.66,2467.186893,748.3718215,125.7168557,72.50979412,62.22367234,0.2197,9.75,26.78,2.05,13.09
CC12.WS.October2012,October,2012,CC,1,WS,7.17,0.146829811,45.59480133,32.19,8.253681247,1.157717422,,0.782608696,444.66,3331.816536,787.5144998,164.1860592,104.3246914,98.61990398,0.2197,9.75,25.94,2.01,12.92
CC21.LM.October2012,October,2012,CC,2,LM,7.17,0.14863749,33.6514347,25.01,6.86600725,1.195444533,,0.770833333,276.68,3708.405747,274.2334174,42.794441,18.62328038,87.56214662,0.1984,8.22,21.00,1.67,12.60
CC21.Micro.October2012,October,2012,CC,2,micro,6.84,0.093617021,33.6514347,25.01,6.86600725,1.195444533,,0.770833333,276.68,,375.0695114,65.13709536,27.35988287,67.46171446,0.1984,8.22,17.92,1.54,11.66
CC21.MM.October2012,October,2012,CC,2,MM,6.84,0.150460594,33.6514347,25.01,6.86600725,1.195444533,,0.770833333,276.68,2192.281847,197.648279,34.54137906,7.721222699,35.67491212,0.1984,8.22,21.29,1.62,13.12
CC21.SM.October2012,October,2012,CC,2,SM,6.84,0.13736713,33.6514347,25.01,6.86600725,1.195444533,,0.770833333,276.68,2887.202385,261.296786,40.09681429,16.8306523,53.93985852,0.1984,8.22,20.93,1.62,12.95
CC21.WS.October2012,October,2012,CC,2,WS,6.84,0.155440415,33.6514347,25.01,6.86600725,1.195444533,,0.770833333,276.68,3342.051406,251.0818245,44.8043363,18.08379258,64.41309373,0.1984,8.22,20.11,1.62,12.39
CC35.LM.October2012,October,2012,CC,3,LM,6.51,0.139116203,31.40448908,33.15,13.64182721,1.310067132,,0.824175824,403.65,2689.205067,223.0014521,40.74279814,14.82449919,51.11495504,0.205,12.85,20.94,1.62,12.96
CC35.Micro.October2012,October,2012,CC,3,micro,6.51,0.102813853,31.40448908,33.15,13.64182721,1.310067132,,0.824175824,403.65,2652.219203,374.928782,67.62165728,44.16553217,46.68689561,0.205,12.85,18.47,1.48,12.51
CC35.MM.October2012,October,2012,CC,3,MM,6.51,0.134515891,31.40448908,33.15,13.64182721,1.310067132,,0.824175824,403.65,3483.610695,304.4738649,53.49463145,20.68231205,68.28436394,0.205,12.85,21.85,1.71,12.81
CC35.SM.October2012,October,2012,CC,3,SM,6.51,0.119518487,31.40448908,33.15,13.64182721,1.310067132,,0.824175824,403.65,3560.978418,490.6098864,80.18120325,45.18536631,106.0064244,0.205,12.85,20.05,1.61,12.43
CC35.WS.October2012,October,2012,CC,3,WS,6.51,0.118221258,31.40448908,33.15,13.64182721,1.310067132,,0.824175824,403.65,2133.976343,363.3332367,48.7462506,22.64075521,66.54118963,0.205,12.85,20.35,1.57,12.92
CC43.LM.October2012,October,2012,CC,4,LM,6.06,0.108873975,25.64077212,23.38,9.343802253,1.213704865,,0.875,281.09,2513.499463,238.1731854,45.78727952,18.4654467,47.2039431,0.3397,10.96,15.62,1.26,12.38
CC43.Micro.October2012,October,2012,CC,4,micro,6.06,0.095631641,25.64077212,23.38,9.343802253,1.213704865,,0.875,281.09,,518.2442096,90.74614694,47.21831357,69.31745683,0.3397,10.96,21.44,1.71,12.52
CC43.MM.October2012,October,2012,CC,4,MM,6.06,0.11755102,25.64077212,23.38,9.343802253,1.213704865,,0.875,281.09,3819.868565,290.5138188,53.35832026,24.52378051,68.25848872,0.3397,10.96,22.04,1.78,12.41
CC43.SM.October2012,October,2012,CC,4,SM,6.06,0.108963093,25.64077212,23.38,9.343802253,1.213704865,,0.875,281.09,,376.420786,55.36608989,32.11297206,76.87854623,0.3397,10.96,19.92,1.70,11.69
CC43.WS.October2012,October,2012,CC,4,WS,6.06,0.102617801,25.64077212,23.38,9.343802253,1.213704865,,0.875,281.09,3997.002433,316.9215815,57.68136451,25.23349703,66.94565822,0.3397,10.96,21.89,1.80,12.18
P13.LM.October2012,October,2012,P,1,LM,7.4,0.175950486,80.94269255,22.70,2.057228835,1.132525721,,0.455,821.30,2119.840902,442.2161077,85.28664125,26.45797832,74.83863029,6.1834,10.15,28.79,2.13,13.51
P13.Micro.October2012,October,2012,P,1,micro,7.4,0.095133449,80.94269255,22.70,2.057228835,1.132525721,,0.455,821.30,1352.069489,349.6788991,51.10045247,25.60513215,34.48994049,6.1834,10.15,18.57,1.51,12.28
P13.MM.October2012,October,2012,P,1,MM,7.4,0.177103718,80.94269255,22.70,2.057228835,1.132525721,,0.455,821.30,1634.269533,263.5202451,61.13114908,14.47140987,43.58836007,6.1834,10.15,27.94,2.11,13.25
P13.SM.October2012,October,2012,P,1,SM,7.4,0.15049864,80.94269255,22.70,2.057228835,1.132525721,,0.455,821.30,1871.892238,342.7682474,70.44304921,24.73405849,49.51835882,6.1834,10.15,25.14,1.92,13.09
P13.WS.October2012,October,2012,P,1,WS,7.4,0.201970443,80.94269255,22.70,2.057228835,1.132525721,,0.455,821.30,1755.921068,330.4158967,45.2570962,15.92754944,52.35730975,6.1834,10.15,25.18,1.98,12.73
P24.LM.October2012,October,2012,P,2,LM,7.44,0.159982947,61.93465927,26.84,5.359713856,1.18585972,,0.335,731.51,2737.988305,378.1043944,60.86251226,27.06262665,106.8938344,5.7971,11.81,23.11,1.70,13.61
P24.Micro.October2012,October,2012,P,2,micro,7.44,0.095133449,61.93465927,26.84,5.359713856,1.18585972,,0.335,731.51,,,,,,5.7971,11.81,.,.,.
P24.MM.October2012,October,2012,P,2,MM,7.44,0.171376481,61.93465927,26.84,5.359713856,1.18585972,,0.335,731.51,2308.159828,252.2223946,49.56355371,13.00348498,62.79784875,5.7971,11.81,24.01,1.78,13.47
P24.SM.October2012,October,2012,P,2,SM,7.44,0.154833191,61.93465927,26.84,5.359713856,1.18585972,,0.335,731.51,1704.400317,267.9665697,40.21509684,17.53010076,44.08653498,5.7971,11.81,21.43,1.64,13.04
P24.WS.October2012,October,2012,P,2,WS,7.44,0.171945701,61.93465927,26.84,5.359713856,1.18585972,,0.335,731.51,1584.683754,278.448768,45.76537125,16.62277643,60.78716725,5.7971,11.81,25.62,1.88,13.61
P31.LM.October2012,October,2012,P,3,LM,7.64,0.189984102,70.46030235,.,3.943501331,1.128642694,,0.375,.,4324.097499,617.804743,115.3977029,52.25093491,136.4251733,5.935,.,32.28,2.43,13.26
P31.Micro.October2012,October,2012,P,3,micro,7.64,0.109756098,70.46030235,.,3.943501331,1.128642694,,0.375,.,1432.827701,514.6102803,111.5640122,46.10873912,45.52156607,5.935,.,26.03,1.98,13.12
P31.MM.October2012,October,2012,P,3,MM,7.64,0.184629803,70.46030235,.,3.943501331,1.128642694,,0.375,.,2013.046575,484.120852,96.2839972,29.19337616,65.29302388,5.935,.,33.93,2.51,13.50
P31.SM.October2012,October,2012,P,3,SM,7.64,0.172131148,70.46030235,.,3.943501331,1.128642694,,0.375,.,1693.378726,478.8831797,117.9620569,27.79730293,55.95961593,5.935,.,32.18,2.36,13.65
P31.WS.October2012,October,2012,P,3,WS,7.64,0.188745604,70.46030235,.,3.943501331,1.128642694,,0.375,.,2615.127065,532.3761511,116.9780654,36.98991208,95.84979731,5.935,.,35.51,2.52,14.09
P46.LM.October2012,October,2012,P,4,LM,6.72,0.114014252,41.13523648,26.66,4.772137731,1.310192757,,0.43,448.60,1711.572891,154.977644,20.64668298,7.789359711,86.18073149,5.7518,10.91,15.42,1.30,11.89
P46.Micro.October2012,October,2012,P,4,micro,6.72,0.069252078,41.13523648,26.66,4.772137731,1.310192757,,0.43,448.60,935.2123572,148.7536983,15.48817953,8.620029581,28.36121388,5.7518,10.91,11.55,0.98,11.75
P46.MM.October2012,October,2012,P,4,MM,6.72,0.116595745,41.13523648,26.66,4.772137731,1.310192757,,0.43,448.60,1172.51955,109.9769995,13.09048176,4.362167467,46.84294611,5.7518,10.91,16.45,1.30,12.66
P46.SM.October2012,October,2012,P,4,SM,6.72,0.104146577,41.13523648,26.66,4.772137731,1.310192757,,0.43,448.60,1263.360545,199.886009,18.05943491,10.82208709,42.35292686,5.7518,10.91,14.07,1.22,11.49
P46.WS.October2012,October,2012,P,4,WS,6.72,0.114528102,41.13523648,26.66,4.772137731,1.310192757,,0.43,448.60,1192.097072,105.2029004,13.64648085,3.847576486,45.78424476,5.7518,10.91,15.31,1.26,12.19
PF15.LM.October2012,October,2012,PF,1,LM,7.83,0.181034483,98.29694199,48.29,5.627592442,1.180636357,,0.68,839.87,3282.89455,562.9167891,39.10286105,41.57005563,78.4985809,2.1512,8.54,32.07,2.30,13.94
PF15.Micro.October2012,October,2012,PF,1,micro,7.83,0.095133449,98.29694199,48.29,5.627592442,1.180636357,,0.68,839.87,4016.256633,1377.059474,224.192437,117.8617654,140.8914543,2.1512,8.54,23.38,1.75,13.38
PF15.MM.October2012,October,2012,PF,1,MM,7.83,0.152557319,98.29694199,48.29,5.627592442,1.180636357,,0.68,839.87,1457.081262,488.2237449,56.83237081,38.30761106,59.64583864,2.1512,8.54,34.79,2.46,14.12
PF15.SM.October2012,October,2012,PF,1,SM,7.83,0.089820359,98.29694199,48.29,5.627592442,1.180636357,,0.68,839.87,3298.063486,1112.850105,125.2556737,114.3319067,146.8326606,2.1512,8.54,31.66,2.37,13.35
PF15.WS.October2012,October,2012,PF,1,WS,7.83,0.206724782,98.29694199,48.29,5.627592442,1.180636357,,0.68,839.87,3986.266401,1393.573194,412.5168338,101.7568269,237.9676984,2.1512,8.54,32.02,2.23,14.39
PF23.LM.October2012,October,2012,PF,2,LM,7.28,0.145901639,44.6204787,27.25,5.767875759,1.165735084,,0.55,515.81,6184.40756,611.9307492,109.5783247,33.16073449,254.7350174,3.7349,11.56,23.52,1.78,13.18
PF23.Micro.October2012,October,2012,PF,2,micro,7.28,0.08411215,44.6204787,27.25,5.767875759,1.165735084,,0.55,515.81,2854.379065,559.0860415,42.9362965,38.86977326,101.9316858,3.7349,11.56,18.72,1.55,12.07
PF23.MM.October2012,October,2012,PF,2,MM,7.28,0.150978565,44.6204787,27.25,5.767875759,1.165735084,,0.55,515.81,7249.233708,953.4409891,143.6651615,78.34823978,264.2902729,3.7349,11.56,24.95,1.86,13.39
PF23.SM.October2012,October,2012,PF,2,SM,7.28,0.140909091,44.6204787,27.25,5.767875759,1.165735084,,0.55,515.81,6362.056087,919.4471542,167.7316833,102.9603566,222.2854908,3.7349,11.56,24.20,1.88,12.84
PF23.WS.October2012,October,2012,PF,2,WS,7.28,0.144751381,44.6204787,27.25,5.767875759,1.165735084,,0.55,515.81,3398.4806,379.2963418,71.70817807,31.9249719,127.1735432,3.7349,11.56,23.18,1.80,12.87
PF32.LM.October2012,October,2012,PF,3,LM,7.33,0.17352415,76.97175608,42.45,4.275882782,1.060036151,,0.36,761.95,6709.054934,1127.104498,189.6051898,96.28177303,170.5921282,2.8244,9.90,28.78,2.19,13.15
PF32.Micro.October2012,October,2012,PF,3,micro,7.33,0.096385542,76.97175608,42.45,4.275882782,1.060036151,,0.36,761.95,5397.643681,1305.25691,234.1741136,151.2119818,185.2458558,2.8244,9.90,25.53,1.86,13.70
PF32.MM.October2012,October,2012,PF,3,MM,7.33,0.185263158,76.97175608,42.45,4.275882782,1.060036151,,0.36,761.95,9228.241352,1687.364894,101.0882125,211.2228295,464.3817379,2.8244,9.90,.,.,.
PF32.SM.October2012,October,2012,PF,3,SM,7.33,0.162962963,76.97175608,42.45,4.275882782,1.060036151,,0.36,761.95,3571.865947,902.897704,121.0098988,84.13888604,122.6731517,2.8244,9.90,26.45,1.88,14.08
PF32.WS.October2012,October,2012,PF,3,WS,7.33,0.168969182,76.97175608,42.45,4.275882782,1.060036151,,0.36,761.95,5005.031368,927.3838537,184.4452854,89.99506178,168.4462463,2.8244,9.90,28.83,2.17,13.30
PF41.LM.October2012,October,2012,PF,4,LM,7.39,0.155384615,75.31184636,34.88,4.869096709,1.18099104,,0.6,696.14,4257.912787,648.8252036,106.2616034,43.81838403,122.6682597,2.8214,9.24,26.24,1.97,13.33
PF41.Micro.October2012,October,2012,PF,4,micro,7.39,0.09057971,75.31184636,34.88,4.869096709,1.18099104,,0.6,696.14,1495.457208,467.1223253,89.22795862,47.25861745,53.4022072,2.8214,9.24,22.69,1.76,12.89
PF41.MM.October2012,October,2012,PF,4,MM,7.39,0.153116037,75.31184636,34.88,4.869096709,1.18099104,,0.6,696.14,4907.823687,1065.207999,203.8590803,76.19775762,168.9409948,2.8214,9.24,27.23,2.09,13.01
PF41.SM.October2012,October,2012,PF,4,SM,7.39,0.150847458,75.31184636,34.88,4.869096709,1.18099104,,0.6,696.14,2998.365275,714.0979866,199.4220879,81.76606171,116.0951571,2.8214,9.24,23.32,1.87,12.50
PF41.WS.October2012,October,2012,PF,4,WS,7.39,0.184510251,75.31184636,34.88,4.869096709,1.18099104,,0.6,696.14,3090.28032,400.4937532,75.69613372,29.12818535,68.35585666,2.8214,9.24,27.01,2.10,12.85
